{
  "version": 1,
  "author": "Anonymous maker",
  "editor": "wokwi",
  "parts": [
    { "type": "wokwi-breadboard-half", "id": "bb1", "top": 6.6, "left": -45.2, "attrs": {} },
    {
      "type": "wokwi-pi-pico",
      "id": "pico",
      "top": -3.15,
      "left": -150,
      "attrs": { "env": "micropython-20241129-v1.24.1" }
    },
    {
      "type": "wokwi-pushbutton-6mm",
      "id": "btn1",
      "top": 97,
      "left": -15.2,
      "rotate": 90,
      "attrs": { "color": "green", "xray": "1" }
    },
    {
      "type": "wokwi-led",
      "id": "led1",
      "top": 44.4,
      "left": 3.8,
      "attrs": { "color": "limegreen", "flip": "" }
    },
    { "type": "wokwi-led", "id": "led2", "top": 44.4, "left": 32.6, "attrs": { "color": "red" } },
    { "type": "wokwi-led", "id": "led3", "top": 44.4, "left": 51.8, "attrs": { "color": "red" } },
    { "type": "wokwi-led", "id": "led4", "top": 44.4, "left": 71, "attrs": { "color": "red" } },
    {
      "type": "wokwi-hc-sr04",
      "id": "ultrasonic1",
      "top": -123.3,
      "left": -196.1,
      "attrs": { "distance": "7" }
    }
  ],
  "connections": [
    [ "pico:GND.8", "bb1:tn.1", "black", [ "h30", "v0.1" ] ],
    [ "bb1:2b.g", "pico:GP21", "orange", [ "v0" ] ],
    [ "bb1:4t.d", "bb1:tn.3", "black", [ "v0" ] ],
    [ "bb1:tn.4", "bb1:5t.a", "black", [ "v0" ] ],
    [ "bb1:6t.e", "pico:GP20", "orange", [ "v0" ] ],
    [ "bb1:tn.6", "bb1:8t.a", "black", [ "v0" ] ],
    [ "bb1:9t.e", "pico:GP19", "orange", [ "v0" ] ],
    [ "bb1:tn.8", "bb1:10t.a", "black", [ "v0" ] ],
    [ "bb1:11t.e", "pico:GP18", "orange", [ "v0" ] ],
    [ "led1:A", "bb1:6t.d", "", [ "$bb" ] ],
    [ "led1:C", "bb1:5t.d", "", [ "$bb" ] ],
    [ "led2:A", "bb1:9t.d", "", [ "$bb" ] ],
    [ "led2:C", "bb1:8t.d", "", [ "$bb" ] ],
    [ "led3:A", "bb1:11t.d", "", [ "$bb" ] ],
    [ "led3:C", "bb1:10t.d", "", [ "$bb" ] ],
    [ "bb1:tn.10", "bb1:12t.a", "black", [ "v0" ] ],
    [ "bb1:13t.e", "pico:GP17", "orange", [ "v0" ] ],
    [ "pico:VBUS", "ultrasonic1:VCC", "red", [ "h0" ] ],
    [ "ultrasonic1:GND", "pico:GND.8", "black", [ "h18", "v57.6" ] ],
    [ "ultrasonic1:TRIG", "pico:GP2", "orange", [ "h-58", "v67.2" ] ],
    [ "ultrasonic1:ECHO", "pico:GP3", "gold", [ "v9.6", "h-58.4", "v67.2" ] ],
    [ "btn1:1.l", "bb1:4t.e", "", [ "$bb" ] ],
    [ "btn1:2.l", "bb1:2t.e", "", [ "$bb" ] ],
    [ "btn1:1.r", "bb1:4b.f", "", [ "$bb" ] ],
    [ "btn1:2.r", "bb1:2b.f", "", [ "$bb" ] ],
    [ "led4:A", "bb1:13t.d", "", [ "$bb" ] ],
    [ "led4:C", "bb1:12t.d", "", [ "$bb" ] ]
  ],
  "dependencies": {}
}